{
  "baseW1": [0.703197, 0.674887, 0.667022, 0.731221],
  "baseW2": [0.67388, 0.674018, 0.710626, 0.678001],
  "baseW3": [0.672928, 0.677659, 0.685718, 0.67084]
}
