{
  "mlpW_h0": [1.11908, -0.310973, 0.478956, 0.858875],
  "mlpW_h1": [-0.491103, 0.838848, 0.238871, -0.291095],
  "mlpW_h2": [0.340042, 0.270044, -0.439951, 0.750054],
  "mlpW_h3": [0.580086, -0.719911, 0.180104, 0.310106],
  "mlpW_h4": [-0.270456, 0.409518, 0.949482, -0.330557],
  "mlpW_h5": [0.729384, 0.109345, -0.290696, 0.629252]
  "mlpW_out0": [0.1, -0.05, 0.02, 0.07],
  "mlpW_out1": [-0.03, 0.01, 0.05, -0.04],
  "mlpW_out2": [0, 0.03, -0.02, 0.06]
  "mlpBias_hidden": [0.03, -0.01, 0.02, 0.04],
  "mlpBias_out0": [0, 0, 0, 0],
  "mlpBias_out1": [0, 0, 0, 0],
  "baseW1": [0.15, 0.1, 0.1, 0.2],
  "baseW2": [0.1, 0.1, 0.15, 0.1],
  "baseW3": [0.1, 0.1, 0.1, 0.1]
}
