{
  "baseW1": [0.6983, 0.675344, 0.685258, 0.722051],
  "baseW2": [0.671338, 0.677974, 0.696456, 0.679957],
  "baseW3": [0.682576, 0.676489, 0.677121, 0.677135]
}
