{
  "mlpW_h0": [1.11618, -0.271812, 0.469132, 0.820281],
  "mlpW_h1": [-0.464782, 0.829928, 0.243353, -0.246049],
  "mlpW_h2": [0.319642, 0.251215, -0.429, 0.701204],
  "mlpW_h3": [0.555177, -0.713417, 0.18548, 0.28429],
  "mlpW_h4": [-0.252056, 0.405675, 0.934731, -0.236802],
  "mlpW_h5": [0.721137, 0.105726, -0.259615, 0.667479],
  "mlpW_h6": [0.364471, -0.601625, 0.641689, -0.346775],
  "mlpW_h7": [-0.59938, 0.368814, 0.146924, 0.463193],
  "mlpW_out0": [0.0235871, 0.0603058, 0.060336, 0.0326188],
  "mlpW_out1": [0.0192599, 0.0400114, 0.0370066, 0.0165064],
  "mlpW_out2": [0.020541, -0.0490687, -0.0547463, 0.00801469],
  "mlpW_out3": [-0.0338056, -0.068043, -0.0540975, -0.0344018],
  "mlpBias_h0": [0.150106, -0.0296817, -0.0391323, -0.0171092],
  "mlpBias_h1": [-0.0942918, 0.0296923, -0.0745274, -0.0223324],
  "mlpBias_out0": [0.0109247, 0.00265679, 0.00128285, 0.00749541],
  "mlpBias_out1": [0.0122609, 0.00932914, 0.0111709, 0.01572],
  "mlpBias_out2": [0.00695607, 0.00599895, 0.00736778, 0.0059009],
  "mlpBias_out3": [-0.0070136, -0.00698022, -2.0123, -0.363012],
  "baseW1": [0.01, 0.01, 0.01, 0.01],
  "baseW2": [0.0271729, 0.0228661, 0.0189669, 0.0170142],
  "baseW3": [0.01, 0.01, 0.01, 0.01],
  "synthW_h0": [0.149918, -0.125128, 0.0769289, 0.109693],
  "synthW_h1": [-0.0885417, 0.145449, 0.0598348, -0.0731137],
  "synthW_h2": [0.112138, 0.0393785, -0.125694, 0.0972188],
  "synthW_h3": [0.06002, -0.0954442, 0.124103, -0.0791748],
  "synthW_h4": [-0.0684423, 0.0925645, 0.128359, -0.0562185],
  "synthW_h5": [0.0943636, -0.0734543, 0.0683079, 0.123983],
  "synthW_out0": [0.0768979, -0.0456653, 0.105375, 0.0278109],
  "synthW_out1": [-0.0547807, 0.0776101, 0.0452734, -0.0883896],
  "synthBias_h0": [-0.00703799, 0.00642305, 0.00580629, 0.00358142],
  "synthBias_h1": [0.00213083, -0.00547802, 0.0004, -0.00666205],
  "synthBias_out": [0, 0, 0, 0]
}
