{
  "mlpW_h0": [1.12502, -0.315083, 0.469846, 0.868966],
  "mlpW_h1": [-0.487728, 0.837572, 0.249346, -0.277301],
  "mlpW_h2": [0.338028, 0.273182, -0.432649, 0.74606],
  "mlpW_h3": [0.589942, -0.725105, 0.183087, 0.313635],
  "mlpW_h4": [-0.269741, 0.411702, 0.940719, -0.336956],
  "mlpW_h5": [0.73316, 0.116441, -0.282214, 0.635985],
  "mlpW_out0": [0.083317, -0.00406996, 0.0613902, 0.049025],
  "mlpW_out1": [-0.00337541, 0.046273, 0.04483, -0.0145655],
  "mlpW_out2": [0.011896, 0.0450469, 0.019606, 0.068325],
  "mlpBias_hidden": [0.0220012, 0.0010884, 0.00647854, 0.034433],
  "mlpBias_out0": [-0.00275156, 0.0225046, 0.00971457, -0.00365853],
  "mlpBias_out1": [0.0360089, 0.0488275, 0.0259544, 0.029696],
  "baseW1": [0.126252, 0.0914762, 0.0872098, 0.159324],
  "baseW2": [0.0949265, 0.069379, 0.146047, 0.0776736],
  "baseW3": [0.0611579, 0.0847213, 0.0943951, 0.117463]
}
